erk,R,P,C,label
0.05,3.979194547,6.061468033,0.07416365141,stable
0.05120907996,3.979015509,6.05170299,0.07593848074,stable
0.05260477594,3.978807069,6.040475114,0.07798626021,stable
0.05421680914,3.978563938,6.027565623,0.08035014402,stable
0.05607993488,3.978279724,6.012723139,0.0830804953,stable
0.05823489352,3.97794664,5.995658877,0.08623621674,stable
0.06072957266,3.977555134,5.976041137,0.08988636758,stable
0.06362043776,3.977093382,5.953489021,0.09411214147,stable
0.06697430667,3.97654661,5.927565253,0.09900930274,stable
0.07087056989,3.975896151,5.897768014,0.1046912105,stable
0.0754039942,3.975118133,5.863521668,0.111292603,stable
0.08062836561,3.974192409,5.824609286,0.1188873273,stable
0.08592818712,3.973220377,5.785727058,0.126577837,stable
0.09130491369,3.972199135,5.746876038,0.1343657064,stable
0.09676006205,3.971125559,5.708057333,0.1422525277,stable
0.1022952154,3.969996287,5.669272107,0.1502399105,stable
0.1079120285,3.968807693,5.630521583,0.1583294794,stable
0.113612233,3.967555864,5.591807054,0.1665228724,stable
0.1193976431,3.966236571,5.553129883,0.1748217385,stable
0.1252701618,3.964845243,5.514491515,0.1832277352,stable
0.1312317865,3.963376928,5.475893478,0.1917425246,stable
0.1372846161,3.961826261,5.437337399,0.2003677708,stable
0.1434308573,3.960187418,5.398825008,0.2091051345,stable
0.1496728316,3.958454071,5.36035815,0.2179562687,stable
0.1560129822,3.956619337,5.321938801,0.2269228127,stable
0.1624538808,3.954675719,5.283569077,0.2360063852,stable
0.1689982343,3.952615042,5.245251258,0.2452085764,stable
0.1756488916,3.950428379,5.206987799,0.2545309387,stable
0.182408849,3.948105969,5.16878136,0.2639749762,stable
0.189281256,3.945637126,5.130634827,0.2735421315,stable
0.196269419,3.943010139,5.092551345,0.2832337713,stable
0.203376804,3.940212152,5.054534356,0.2930511686,stable
0.2106070376,3.937229037,5.016587635,0.3029954825,stable
0.2179639047,3.934045247,4.97871535,0.3130677332,stable
0.2254513433,3.930643658,4.940922111,0.3232687732,stable
0.2330734343,3.927005382,4.903213049,0.3335992534,stable
0.2408343866,3.923109566,4.865593898,0.3440595811,stable
0.2487385138,3.918933169,4.828071092,0.3546498717,stable
0.2567902023,3.914450707,4.790651893,0.3653698891,stable
0.2649938678,3.909633984,4.753344531,0.3762189757,stable
0.2733538965,3.904451794,4.716158376,0.3871959667,stable
0.2818745686,3.898869595,4.679104153,0.3982990882,stable
0.2905599587,3.892849178,4.642194183,0.4095258344,stable
0.2994138077,3.886348312,4.605442683,0.4208728197,stable
0.3084393603,3.8793204,4.568866117,0.4323356024,stable
0.3176391608,3.87171416,4.532483608,0.4439084746,stable
0.3270147991,3.863473345,4.496317418,0.4555842149,stable
0.3365665993,3.854536575,4.460393494,0.4673538003,stable
0.3462932438,3.8448373,4.424742078,0.4792060761,stable
0.3561913294,3.834304004,4.389398364,0.4911273883,stable
0.3662548563,3.822860714,4.354403168,0.5031011895,stable
0.3764746615,3.810427945,4.319803547,0.5151076373,stable
0.3868378236,3.796924174,4.285653292,0.5271232241,stable
0.397327084,3.782267973,4.252013155,0.5391204911,stable
0.4079203568,3.766380834,4.218950654,0.5510678994,stable
0.4185904238,3.749190686,4.186539277,0.5629299494,stable
0.4293049278,3.730635936,4.1548569,0.5746676408,stable
0.4400267786,3.710669719,4.123983331,0.586239347,stable
0.4507150505,3.689263874,4.093996978,0.5976021301,stable
0.4613263824,3.666412053,4.064970863,0.6087134426,stable
0.4718167924,3.642131383,4.036968379,0.6195330657,stable
0.482143716,3.61646229,4.010039352,0.6300250541,stable
0.4922680052,3.589466399,3.984216971,0.6401594203,stable
0.5021556183,3.561222804,3.959516057,0.6499133254,stable
0.5117787947,3.531823279,3.935932836,0.6592716386,stable
0.5211166154,3.501367136,3.913446144,0.668226851,stable
0.5301549739,3.469956391,3.892019707,0.6767784449,stable
0.5388860715,3.437691699,3.871605072,0.6849318861,stable
0.5473075964,3.404669287,3.852144719,0.6926974279,stable
0.5554217473,3.37097891,3.833575023,0.7000888869,stable
0.5632342322,3.336702716,3.815828819,0.7071225102,stable
0.5707533343,3.301914824,3.798837485,0.7138159985,stable
0.5779890956,3.266681427,3.782532504,0.7201877141,stable
0.5849526389,3.231061228,3.766846567,0.726256069,stable
0.591655627,3.195106077,3.751714281,0.7320390761,stable
0.5981098463,3.158861705,3.737072556,0.7375540356,stable
0.604326896,3.122368477,3.722860761,0.7428173285,stable
0.6103179633,3.085662124,3.709020696,0.747844294,stable
0.6160936667,3.048774432,3.695496452,0.7526491658,stable
0.6216639497,3.011733876,3.682234181,0.7572450527,stable
0.6270380138,2.974566196,3.669181818,0.7616439474,stable
0.6322242785,2.937294909,3.656288781,0.7658567547,stable
0.6372303604,2.899941787,3.64350565,0.7698933307,stable
0.6420630661,2.862527276,3.630783858,0.7737625281,stable
0.6467283922,2.825070892,3.618075382,0.7774722434,stable
0.6512315316,2.78759158,3.605332464,0.781029463,stable
0.6555768816,2.750108063,3.592507343,0.7844403081,stable
0.6597680532,2.71263916,3.579552027,0.7877100764,stable
0.6638078816,2.675204109,3.566418107,0.7908432799,stable
0.6676984366,2.637822869,3.553056603,0.7938436806,stable
0.6714410329,2.600516427,3.539417886,0.7967143234,stable
0.6750362435,2.563307085,3.525451648,0.799457567,stable
0.6784839153,2.526218748,3.511106966,0.8020751148,stable
0.6817831889,2.489277183,3.49633245,0.8045680471,stable
0.6849325269,2.452510263,3.481076497,0.8069368553,stable
0.6879297504,2.415948151,3.465287665,0.8091814816,stable
0.6907720891,2.379623444,3.448915176,0.8113013647,stable
0.6934562456,2.343571218,3.431909537,0.8132954946,stable
0.6959784775,2.307828977,3.414223303,0.8151624771,stable
0.6983346985,2.27243647,3.395811937,0.8169006102,stable
0.7005205984,2.23743535,3.376634757,0.8185079709,stable
0.7025317807,2.202868675,3.356655929,0.819982513,stable
0.7043639144,2.168780233,3.335845432,0.8213221726,stable
0.7060128925,2.135213707,3.314179949,0.8225249767,stable
0.7074749911,2.102211717,3.291643598,0.8235891507,stable
0.7087470173,2.069814775,3.268228444,0.8245132167,stable
0.7098264368,2.038060228,3.243934734,0.8252960778,stable
0.7107114714,2.006981252,3.218770817,0.8259370804,stable
0.7114011594,1.976605981,3.192752761,0.8264360517,stable
0.7118953747,1.946956828,3.165903673,0.8267933088,stable
0.7121948046,1.918050041,3.138252788,0.8270096403,stable
0.7123008898,1.889895522,3.109834395,0.8270862629,stable
0.712215734,1.862496901,3.080686678,0.827024758,saddle
0.711941991,1.835851833,3.050850547,0.826826994,saddle
0.7114827386,1.809952487,3.020368534,0.8264950404,saddle
0.710841349,1.784786161,2.989283796,0.8260310801,saddle
0.7100213622,1.76033598,2.957639269,0.825437324,saddle
0.7090263691,1.736581622,2.925476966,0.8247159328,saddle
0.7078599071,1.713500035,2.892837454,0.8238689469,saddle
0.7065253708,1.691066106,2.85975946,0.8228982264,saddle
0.7050259379,1.66925327,2.82627962,0.8218054016,saddle
0.7033645105,1.648034047,2.792432335,0.8205918324,saddle
0.701543669,1.627380491,2.758249719,0.8192585765,saddle
0.6995656382,1.607264573,2.72376161,0.8178063647,saddle
0.6974322631,1.587658476,2.688995642,0.8162355824,saddle
0.6951449926,1.568534837,2.653977342,0.8145462549,saddle
0.6927048694,1.549866924,2.618730261,0.8127380367,saddle
0.6901125247,1.531628764,2.583276115,0.8108102024,saddle
0.6873681755,1.513795233,2.547634931,0.8087616398,saddle
0.6844716257,1.496342109,2.511825198,0.806590842,saddle
0.6814222663,1.479246101,2.475864014,0.8042959008,saddle
0.6782190786,1.462484849,2.439767229,0.8018744984,saddle
0.6748606357,1.446036922,2.403549579,0.7993238986,saddle
0.6713451049,1.429881785,2.367224821,0.7966409356,saddle
0.6676702486,1.413999772,2.330805847,0.7938220019,saddle
0.6638334256,1.398372046,2.294304805,0.7908630338,saddle
0.6598315903,1.382980552,2.257733206,0.7877594946,saddle
0.6556612921,1.367807972,2.221102023,0.7845063553,saddle
0.651318673,1.352837676,2.184421791,0.7810980729,saddle
0.6467994657,1.338053674,2.147702698,0.7775285663,saddle
0.6420989898,1.323440564,2.110954675,0.7737911888,saddle
0.6372121484,1.30898349,2.074187479,0.7698786985,saddle
0.6321334247,1.294668087,2.037410779,0.7657832259,saddle
0.6268568779,1.280480445,2.00063424,0.7614962378,saddle
0.6213761411,1.266407059,1.963867602,0.7570085001,saddle
0.6156844194,1.252434792,1.927120768,0.7523100369,saddle
0.6097744901,1.238550835,1.890403885,0.7473900878,saddle
0.6036387056,1.224742672,1.853727435,0.7422370641,saddle
0.5972689998,1.210998044,1.817102323,0.736838503,saddle
0.5906568991,1.197304925,1.780539971,0.7311810222,saddle
0.5837935389,1.183651489,1.744052416,0.7252502752,saddle
0.576669688,1.170026092,1.707652416,0.7190309091,saddle
0.569275782,1.15641725,1.671353551,0.7125065267,saddle
0.5616019671,1.142813623,1.635170337,0.7056596556,saddle
0.5536381585,1.12920401,1.599118343,0.6984717269,saddle
0.5453741132,1.115577342,1.563214304,0.6909230685,saddle
0.5367995219,1.101922683,1.527476237,0.6829929156,saddle
0.5279041219,1.088229235,1.491923561,0.6746594467,saddle
0.5186778335,1.074486357,1.456577197,0.6658998492,saddle
0.5091109224,1.060683579,1.421459667,0.6566904236,saddle
0.4991941905,1.046810629,1.386595164,0.647006734,saddle
0.4889191945,1.032857459,1.352009602,0.6368238137,saddle
0.4782784935,1.018814281,1.317730618,0.6261164354,saddle
0.4672659216,1.004671592,1.28378753,0.6148594537,saddle
0.4558768815,0.9904201972,1.250211218,0.6030282268,saddle
0.4441086496,0.9760512247,1.217033936,0.5905991219,saddle
0.4319606825,0.9615561148,1.184289021,0.5775501037,saddle
0.4194349091,0.9469265816,1.152010505,0.563861399,saddle
0.4065359908,0.9321545327,1.120232601,0.549516227,saddle
0.3932715296,0.9172319342,1.088989097,0.5345015701,saddle
0.3796522072,0.9021506084,1.058312625,0.5188089595,saddle
0.3656918376,0.88690195,1.028233871,0.5024352381,saddle
0.3514073267,0.8714765504,0.9987807183,0.4853832617,saddle
0.3368185407,0.8558637196,0.9699774019,0.4676625006,saddle
0.3219480994,0.8400508983,0.9418436985,0.4492895106,saddle
0.3068211274,0.8240229537,0.914394221,0.4302882582,saddle
0.2914650104,0.8077613518,0.8876378579,0.4106903036,saddle
0.2759092201,0.791243194,0.8615773925,0.3905348752,saddle
0.2601852832,0.7744400949,0.8362093189,0.3698689008,saddle
0.2443269793,0.7573168628,0.8115238445,0.3487470973,saddle
0.2283708678,0.7398299156,0.7875050496,0.3272322672,saddle
0.2123572578,0.721925328,0.7641311506,0.3053960025,saddle
0.1963317762,0.7035363548,0.7413748014,0.2833200811,saddle
0.1803477556,0.6845802011,0.7192033631,0.2610989617,saddle
0.1644697977,0.6649537198,0.697579086,0.2388440003,saddle
0.1487791099,0.6445276001,0.6764591894,0.2166903768,saddle
0.1333816521,0.6231385153,0.6557959315,0.1948083829,saddle
0.1184209187,0.6005787447,0.6355370227,0.1734218923,saddle
0.1040985506,0.5765834606,0.6156273776,0.1528388738,saddle
0.09070811056,0.5508186702,0.5960147991,0.133501979,saddle
0.078689426,0.5228822205,0.5766660106,0.1160702622,saddle
0.06870630896,0.4923574,0.5576072302,0.1015360311,saddle
0.06171148006,0.4590153463,0.5390103223,0.09132217588,saddle
0.0588344848,0.4232705966,0.5213061539,0.08711382189,saddle
0.06084453627,0.3865810085,0.505134587,0.0900545008,stable
0.06753665733,0.3508749131,0.4909335525,0.09982985507,stable
0.07795212528,0.3173933321,0.4786307717,0.1149985532,stable
0.09107331536,0.2864787271,0.4678434111,0.1340305451,stable
0.1061467125,0.2580264038,0.4581616718,0.1557887047,stable
0.1226779361,0.2318187782,0.4492593161,0.179519427,stable
0.1403511702,0.2076522797,0.440901974,0.204729801,stable
0.1589630079,0.1853658317,0.4329281296,0.2310864629,stable
0.1783801122,0.1648365665,0.4252289931,0.2583505078,stable
0.1985138361,0.1459679657,0.4177326992,0.2863383685,stable
0.2193052076,0.1286786738,0.4103927444,0.31489892,stable
0.2407159645,0.1128942445,0.4031796856,0.3439004243,stable
0.2627230026,0.09854200783,0.3960752602,0.3732233873,stable
0.285314659,0.0855485151,0.3890683263,0.402756903,stable
0.3084879077,0.07383878993,0.3821521734,0.4323969696,stable
0.3322459787,0.06333663489,0.3753228438,0.4620458537,stable
0.3565961887,0.05396539048,0.3685781611,0.4916119688,stable
0.3815479386,0.04564874522,0.3619172165,0.5210099787,stable
0.4071109179,0.0383113886,0.3553401195,0.5501609892,stable
0.4332935798,0.03187944685,0.3488478736,0.5789927596,stable
0.4601019396,0.02628073308,0.3424422917,0.6074399012,stable
0.4875387224,0.02144488384,0.3361258988,0.6354440351,stable
0.5156028556,0.0173034569,0.3299018085,0.662953886,stable
0.5442892712,0.013790047,0.3237735695,0.6899252905,stable
0.5735889705,0.01084044977,0.3177449947,0.7163211041,stable
0.6034892871,0.008392879559,0.3118199859,0.7421110013,stable
0.6339742908,0.006388228119,0.306002368,0.7672711713,stable
0.6650252732,0.004770341328,0.3002957425,0.791783924,stable
0.6966212714,0.003486288147,0.2947033664,0.8156372227,stable
0.7287395907,0.002486599596,0.2892280611,0.8388241672,stable
0.7613563026,0.001725462805,0.2838721497,0.8613424487,stable
0.7944466997,0.001160865261,0.2786374207,0.8831937985,stable
0.8279856992,0.0007546966508,0.2735251158,0.9043834458,stable
0.861948191,0.0004728302955,0.2685359359,0.9249195997,stable
0.8963093299,0.0002852214047,0.2636700628,0.9448129643,stable
0.9310447753,0.0001660652376,0.2589271913,0.9640762931,stable
0.9661308829,9.402625306e-05,0.2543065695,0.9827239861,stable
1.001544853,5.244475322e-05,0.2498070424,1.000771731,stable
1.037264843,2.928989022e-05,0.2454270989,1.018236187,stable
1.073270047,1.66382398e-05,0.2411649175,1.035134711,stable
1.109540753,9.724321884e-06,0.2370184123,1.051485121,stable
1.146058366,5.883160102e-06,0.2329852757,1.067305491,stable
1.182805413,3.690101833e-06,0.22906302,1.082613983,stable
1.219765537,2.396508096e-06,0.2252490146,1.097428696,stable
1.256923465,1.607134208e-06,0.2215405209,1.11176755,stable
1.294264968,1.109342704e-06,0.2179347228,1.125648188,stable
1.331776824,7.856592005e-07,0.2144287545,1.13908789,stable
1.369446757,5.692193919e-07,0.2110197237,1.152103522,stable
1.407263393,4.207919041e-07,0.2077047328,1.164711479,stable
1.445216202,3.166712572e-07,0.204480896,1.176927656,stable
1.483295442,2.421307798e-07,0.201345354,1.188767421,stable
1.521492108,1.877833093e-07,0.1982952865,1.200245605,stable
1.559797878,1.475018636e-07,0.1953279219,1.21137649,stable
1.598205067,1.171996654e-07,0.1924405453,1.222173802,stable
1.636706578,9.409158581e-08,0.1896305051,1.232650725,stable
1.675295851,7.620404116e-08,0.1868952175,1.242819913,stable
1.713966835,6.240263036e-08,0.1842321703,1.252693483,stable
1.752713934,5.132865486e-08,0.181638925,1.262283037,stable
1.791531983,4.269124668e-08,0.1791131189,1.271599678,stable
1.830416206,3.573296075e-08,0.1766524651,1.280654027,stable
1.869362188,2.987321175e-08,0.1742547532,1.289456234,stable
1.908365845,2.543169609e-08,0.1719178489,1.298016,stable
1.9474234,2.145864974e-08,0.1696396928,1.306342597,stable
1.986531355,1.850509557e-08,0.1674182992,1.314444877,stable
2.02568647,1.571737143e-08,0.1652517553,1.3223313,stable
2.064885743,1.355375688e-08,0.1631382185,1.330009945,stable
2.104126392,1.188448978e-08,0.1610759154,1.337488529,stable
2.143405833,1.035549522e-08,0.1590631393,1.344774422,stable
2.18272167,8.855960929e-09,0.1570982486,1.351874667,stable
2.222071675,7.739208323e-09,0.155179664,1.358795991,stable
2.261453779,6.79516801e-09,0.1533058672,1.365544824,stable
2.300866058,6.158506791e-09,0.151475398,1.37212731,stable
2.340306719,5.268826484e-09,0.1496868527,1.378549321,stable
2.379774096,4.850328283e-09,0.1479388817,1.384816476,stable
2.419266633,4.122364941e-09,0.1462301873,1.390934144,stable
2.458782881,3.664542389e-09,0.144559522,1.396907464,stable
2.49832149,3.457272643e-09,0.1429256864,1.402741351,stable
2.537881195,3.106658218e-09,0.141327527,1.408440513,stable
2.577460819,2.600438165e-09,0.1397639346,1.414009453,stable
2.617059259,2.52142641e-09,0.1382338425,1.419452487,stable
2.656675484,2.089159127e-09,0.1367362245,1.424773748,stable
2.696308529,1.872669006e-09,0.1352700934,1.429977197,stable
2.735957491,1.686821338e-09,0.1338344992,1.435066632,stable
2.775621523,1.517193137e-09,0.1324285278,1.440045691,stable
2.815299832,1.566762092e-09,0.1310512992,1.444917868,stable
2.854991672,1.377475533e-09,0.1297019663,1.449686514,stable
2.894696345,1.298553809e-09,0.1283797133,1.454354843,stable
2.934413193,1.139280394e-09,0.1270837544,1.458925944,stable
2.9741416,1.083511187e-09,0.1258133329,1.463402781,stable
3.013880986,9.476054694e-10,0.1245677193,1.467788204,stable
3.053630803,9.098324454e-10,0.1233462109,1.472084949,stable
3.093390539,7.922773926e-10,0.1221481301,1.476295649,stable
3.133159708,7.686005728e-10,0.1209728235,1.480422835,stable
3.172937856,6.65572471e-10,0.1198196612,1.48446894,stable
3.21272455,6.530172283e-10,0.1186880353,1.488436308,stable
3.252519386,5.615760188e-10,0.1175773593,1.492327193,stable
3.29232198,5.57855165e-10,0.1164870674,1.496143766,stable
3.332131971,4.757214084e-10,0.1154166132,1.499888117,stable
3.371949016,4.79062991e-10,0.1143654691,1.503562261,stable
3.411772792,4.044556505e-10,0.1133331256,1.507168139,stable
3.451602994,4.134771711e-10,0.1123190906,1.510707622,stable
3.491439332,3.449942311e-10,0.1113228885,1.514182515,stable
3.531281532,3.586097582e-10,0.1103440597,1.517594559,stable
3.571129335,2.951399566e-10,0.1093821599,1.520945431,stable
3.610982495,3.124910593e-10,0.1084367595,1.524236753,stable
3.650840779,2.531478307e-10,0.107507443,1.52747009,stable
3.690703966,2.735518445e-10,0.1065938084,1.530646952,stable
3.730571846,2.176234212e-10,0.1056954669,1.533768798,stable
3.77044422,2.4053437e-10,0.104812042,1.536837039,stable
3.810320899,1.874460041e-10,0.1039431694,1.539853037,stable
3.850201704,2.124248804e-10,0.1030884962,1.542818108,stable
3.890086463,1.617098317e-10,0.1022476809,1.545733528,stable
3.929975014,1.884018161e-10,0.1014203923,1.548600527,stable
3.969867203,1.39679092e-10,0.1006063099,1.551420298,stable
4.009762883,1.677960177e-10,0.09980512284,1.554193994,stable
4.049661914,1.207530141e-10,0.09901652992,1.556922731,stable
4.089564162,1.500597695e-10,0.09824023905,1.559607589,stable
4.129469501,1.044387808e-10,0.09747596703,1.562249617,stable
4.16937781,1.34742688e-10,0.09672343915,1.564849827,stable
4.209288972,9.033028603e-11,0.0959823889,1.567409201,stable
4.249202879,1.214727924e-10,0.09525255768,1.569928693,stable
4.289119424,7.809144795e-11,0.09453369453,1.572409223,stable
4.329038509,1.099415498e-10,0.09382555581,1.574851688,stable
4.368960036,6.744297561e-11,0.09312790497,1.577256955,stable
4.408883915,9.989203208e-11,0.09244051229,1.579625864,stable
4.448810058,5.815186691e-11,0.09176315465,1.581959234,stable
4.488738382,9.110944584e-11,0.09109561528,1.584257855,stable
4.528668807,5.002300302e-11,0.09043768355,1.586522498,stable
4.568601256,8.341356923e-11,0.08978915476,1.588753909,stable
4.608535657,4.289239505e-11,0.08914982993,1.590952812,stable
4.648471939,7.665264657e-11,0.08851951561,1.593119912,stable
4.688410036,3.662174348e-11,0.08789802367,1.595255894,stable
4.728349884,7.069846255e-11,0.08728517115,1.59736142,stable
4.76829142,3.109402445e-11,0.08668078007,1.599437139,stable
4.808234587,6.544233265e-11,0.08608467728,1.601483676,stable
4.848179328,2.620990009e-11,0.08549669427,1.603501644,stable
4.888125588,6.07918427e-11,0.08491666703,1.605491634,stable
4.928073316,2.188479003e-11,0.08434443593,1.607454225,stable
4.968022463,5.666817455e-11,0.08377984552,1.609389977,stable
5.007972979,1.804646007e-11,0.08322274446,1.611299438,stable
